"Munic_Id";"MunicOp_Ano";"MunicOP_OP"
1100023;1992;0
1100023;1996;0
1100023;2000;0
1100023;2004;0
1100023;2008;0
1100023;2012;0
1100023;2016;0
1100049;1992;0
1100049;1996;0
1100049;2000;0
1100049;2004;1
1100049;2008;0
1100049;2012;0
1100049;2016;0
1100114;1992;0
1100114;1996;0
1100114;2000;0
1100114;2004;0
1100114;2008;0
1100114;2012;0
1100114;2016;0
1100122;1992;0
1100122;1996;0
1100122;2000;0
1100122;2004;1
1100122;2008;0
1100122;2012;0
1100122;2016;0
1100205;1992;0
1100205;1996;0
1100205;2000;0
1100205;2004;0
1100205;2008;1
1100205;2012;1
1100205;2016;0
1100288;1992;0
1100288;1996;0
1100288;2000;0
1100288;2004;0
1100288;2008;0
1100288;2012;0
1100288;2016;0
1100304;1992;0
1100304;1996;0
1100304;2000;0
1100304;2004;0
1100304;2008;0
1100304;2012;0
1100304;2016;0
1200203;1992;0
1200203;1996;0
1200203;2000;0
1200203;2004;0
1200203;2008;0
1200203;2012;0
1200203;2016;0
1200401;1992;0
1200401;1996;0
1200401;2000;0
1200401;2004;1
1200401;2008;1
1200401;2012;0
1200401;2016;0
1301209;1992;0
1301209;1996;0
1301209;2000;0
1301209;2004;0
1301209;2008;0
1301209;2012;0
1301209;2016;0
1301902;1992;0
1301902;1996;0
1301902;2000;0
1301902;2004;0
1301902;2008;0
1301902;2012;0
1301902;2016;0
1302504;1992;0
1302504;1996;0
1302504;2000;0
1302504;2004;0
1302504;2008;0
1302504;2012;0
1302504;2016;0
1302603;1992;0
1302603;1996;0
1302603;2000;0
1302603;2004;0
1302603;2008;1
1302603;2012;0
1302603;2016;0
1303403;1992;0
1303403;1996;0
1303403;2000;0
1303403;2004;0
1303403;2008;0
1303403;2012;0
1303403;2016;0
1304203;1992;0
1304203;1996;0
1304203;2000;0
1304203;2004;0
1304203;2008;0
1304203;2012;0
1304203;2016;0
1400100;1992;0
1400100;1996;0
1400100;2000;0
1400100;2004;1
1400100;2008;0
1400100;2012;0
1400100;2016;0
1500107;1992;0
1500107;1996;0
1500107;2000;0
1500107;2004;0
1500107;2008;0
1500107;2012;0
1500107;2016;0
1500206;1992;0
1500206;1996;0
1500206;2000;0
1500206;2004;0
1500206;2008;0
1500206;2012;0
1500206;2016;0
1500602;1992;0
1500602;1996;0
1500602;2000;0
1500602;2004;0
1500602;2008;0
1500602;2012;0
1500602;2016;0
1500800;1992;0
1500800;1996;0
1500800;2000;0
1500800;2004;1
1500800;2008;0
1500800;2012;0
1500800;2016;0
1501303;1992;0
1501303;1996;0
1501303;2000;0
1501303;2004;0
1501303;2008;0
1501303;2012;0
1501303;2016;0
1501402;1992;0
1501402;1996;1
1501402;2000;1
1501402;2004;0
1501402;2008;0
1501402;2012;0
1501402;2016;0
1501709;1992;0
1501709;1996;0
1501709;2000;0
1501709;2004;0
1501709;2008;0
1501709;2012;0
1501709;2016;0
1501808;1992;0
1501808;1996;0
1501808;2000;0
1501808;2004;0
1501808;2008;0
1501808;2012;0
1501808;2016;0
1502103;1992;0
1502103;1996;0
1502103;2000;0
1502103;2004;1
1502103;2008;0
1502103;2012;0
1502103;2016;0
1502202;1992;0
1502202;1996;0
1502202;2000;0
1502202;2004;0
1502202;2008;0
1502202;2012;0
1502202;2016;0
1502301;1992;0
1502301;1996;0
1502301;2000;0
1502301;2004;0
1502301;2008;0
1502301;2012;0
1502301;2016;0
1502400;1992;0
1502400;1996;0
1502400;2000;0
1502400;2004;0
1502400;2008;0
1502400;2012;0
1502400;2016;0
1503309;1992;0
1503309;1996;0
1503309;2000;0
1503309;2004;0
1503309;2008;0
1503309;2012;0
1503309;2016;0
1503606;1992;0
1503606;1996;0
1503606;2000;0
1503606;2004;0
1503606;2008;1
1503606;2012;0
1503606;2016;0
1503705;1992;0
1503705;1996;0
1503705;2000;0
1503705;2004;0
1503705;2008;0
1503705;2012;0
1503705;2016;0
1504208;1992;0
1504208;1996;0
1504208;2000;0
1504208;2004;0
1504208;2008;0
1504208;2012;0
1504208;2016;0
1504422;1992;0
1504422;1996;0
1504422;2000;0
1504422;2004;0
1504422;2008;0
1504422;2012;0
1504422;2016;0
1504703;1992;0
1504703;1996;0
1504703;2000;0
1504703;2004;0
1504703;2008;0
1504703;2012;0
1504703;2016;0
1504802;1992;0
1504802;1996;0
1504802;2000;0
1504802;2004;0
1504802;2008;0
1504802;2012;0
1504802;2016;0
1505304;1992;0
1505304;1996;0
1505304;2000;0
1505304;2004;0
1505304;2008;0
1505304;2012;0
1505304;2016;0
1505502;1992;0
1505502;1996;0
1505502;2000;0
1505502;2004;0
1505502;2008;0
1505502;2012;0
1505502;2016;0
1505536;1992;0
1505536;1996;0
1505536;2000;0
1505536;2004;0
1505536;2008;0
1505536;2012;0
1505536;2016;0
1506138;1992;0
1506138;1996;0
1506138;2000;0
1506138;2004;0
1506138;2008;0
1506138;2012;0
1506138;2016;0
1506807;1992;0
1506807;1996;0
1506807;2000;0
1506807;2004;0
1506807;2008;1
1506807;2012;1
1506807;2016;0
1507300;1992;0
1507300;1996;0
1507300;2000;0
1507300;2004;0
1507300;2008;0
1507300;2012;0
1507300;2016;0
1508001;1992;0
1508001;1996;0
1508001;2000;0
1508001;2004;0
1508001;2008;0
1508001;2012;0
1508001;2016;0
1508100;1992;0
1508100;1996;0
1508100;2000;0
1508100;2004;0
1508100;2008;0
1508100;2012;0
1508100;2016;0
1508159;1992;0
1508159;1996;0
1508159;2000;0
1508159;2004;0
1508159;2008;0
1508159;2012;0
1508159;2016;0
1508308;1992;0
1508308;1996;0
1508308;2000;0
1508308;2004;0
1508308;2008;0
1508308;2012;0
1508308;2016;0
1600303;1992;0
1600303;1996;0
1600303;2000;0
1600303;2004;1
1600303;2008;0
1600303;2012;0
1600303;2016;0
1600600;1992;0
1600600;1996;0
1600600;2000;0
1600600;2004;0
1600600;2008;0
1600600;2012;0
1600600;2016;0
1702109;1992;0
1702109;1996;0
1702109;2000;0
1702109;2004;0
1702109;2008;0
1702109;2012;0
1702109;2016;0
1709500;1992;0
1709500;1996;0
1709500;2000;0
1709500;2004;0
1709500;2008;0
1709500;2012;0
1709500;2016;0
1721000;1992;0
1721000;1996;0
1721000;2000;0
1721000;2004;0
1721000;2008;0
1721000;2012;0
1721000;2016;0
2100055;1992;0
2100055;1996;0
2100055;2000;0
2100055;2004;0
2100055;2008;0
2100055;2012;0
2100055;2016;0
2101202;1992;0
2101202;1996;0
2101202;2000;0
2101202;2004;0
2101202;2008;0
2101202;2012;0
2101202;2016;0
2101400;1992;0
2101400;1996;0
2101400;2000;0
2101400;2004;0
2101400;2008;0
2101400;2012;0
2101400;2016;0
2101608;1992;0
2101608;1996;0
2101608;2000;0
2101608;2004;0
2101608;2008;0
2101608;2012;0
2101608;2016;0
2102325;1992;0
2102325;1996;0
2102325;2000;0
2102325;2004;0
2102325;2008;0
2102325;2012;0
2102325;2016;0
2103000;1992;0
2103000;1996;0
2103000;2000;0
2103000;2004;1
2103000;2008;0
2103000;2012;0
2103000;2016;0
2103208;1992;0
2103208;1996;0
2103208;2000;0
2103208;2004;0
2103208;2008;0
2103208;2012;0
2103208;2016;0
2103307;1992;0
2103307;1996;0
2103307;2000;0
2103307;2004;1
2103307;2008;0
2103307;2012;0
2103307;2016;0
2103604;1992;0
2103604;1996;0
2103604;2000;0
2103604;2004;0
2103604;2008;0
2103604;2012;0
2103604;2016;0
2104800;1992;0
2104800;1996;0
2104800;2000;0
2104800;2004;0
2104800;2008;0
2104800;2012;0
2104800;2016;0
2105302;1992;0
2105302;1996;0
2105302;2000;0
2105302;2004;1
2105302;2008;0
2105302;2012;0
2105302;2016;0
2105401;1992;0
2105401;1996;0
2105401;2000;0
2105401;2004;0
2105401;2008;0
2105401;2012;0
2105401;2016;0
2107506;1992;0
2107506;1996;0
2107506;2000;0
2107506;2004;1
2107506;2008;0
2107506;2012;0
2107506;2016;0
2108603;1992;0
2108603;1996;0
2108603;2000;0
2108603;2004;0
2108603;2008;0
2108603;2012;0
2108603;2016;0
2109908;1992;0
2109908;1996;0
2109908;2000;0
2109908;2004;0
2109908;2008;0
2109908;2012;0
2109908;2016;0
2110005;1992;0
2110005;1996;0
2110005;2000;0
2110005;2004;0
2110005;2008;0
2110005;2012;0
2110005;2016;0
2111201;1992;0
2111201;1996;0
2111201;2000;0
2111201;2004;0
2111201;2008;0
2111201;2012;0
2111201;2016;0
2111300;1992;0
2111300;1996;0
2111300;2000;1
2111300;2004;1
2111300;2008;1
2111300;2012;1
2111300;2016;0
2112209;1992;0
2112209;1996;0
2112209;2000;0
2112209;2004;1
2112209;2008;0
2112209;2012;0
2112209;2016;0
2112803;1992;0
2112803;1996;0
2112803;2000;0
2112803;2004;0
2112803;2008;1
2112803;2012;0
2112803;2016;0
2114007;1992;0
2114007;1996;0
2114007;2000;0
2114007;2004;0
2114007;2008;0
2114007;2012;0
2114007;2016;0
2202208;1992;0
2202208;1996;0
2202208;2000;0
2202208;2004;0
2202208;2008;0
2202208;2012;1
2202208;2016;0
2203909;1992;0
2203909;1996;0
2203909;2000;0
2203909;2004;0
2203909;2008;0
2203909;2012;0
2203909;2016;0
2207702;1992;0
2207702;1996;0
2207702;2000;0
2207702;2004;0
2207702;2008;1
2207702;2012;1
2207702;2016;0
2208007;1992;0
2208007;1996;0
2208007;2000;0
2208007;2004;0
2208007;2008;0
2208007;2012;0
2208007;2016;0
2208403;1992;0
2208403;1996;0
2208403;2000;0
2208403;2004;0
2208403;2008;1
2208403;2012;0
2208403;2016;0
2211001;1992;1
2211001;1996;1
2211001;2000;1
2211001;2004;1
2211001;2008;1
2211001;2012;1
2211001;2016;1
2300200;1992;0
2300200;1996;0
2300200;2000;0
2300200;2004;0
2300200;2008;0
2300200;2012;0
2300200;2016;0
2300309;1992;0
2300309;1996;0
2300309;2000;0
2300309;2004;0
2300309;2008;0
2300309;2012;0
2300309;2016;0
2301000;1992;0
2301000;1996;0
2301000;2000;0
2301000;2004;0
2301000;2008;0
2301000;2012;0
2301000;2016;0
2301109;1992;0
2301109;1996;0
2301109;2000;0
2301109;2004;0
2301109;2008;0
2301109;2012;0
2301109;2016;0
2301901;1992;0
2301901;1996;0
2301901;2000;0
2301901;2004;0
2301901;2008;0
2301901;2012;0
2301901;2016;0
2302404;1992;0
2302404;1996;0
2302404;2000;0
2302404;2004;0
2302404;2008;0
2302404;2012;0
2302404;2016;0
2302602;1992;0
2302602;1996;0
2302602;2000;0
2302602;2004;0
2302602;2008;0
2302602;2012;0
2302602;2016;0
2302800;1992;0
2302800;1996;0
2302800;2000;0
2302800;2004;0
2302800;2008;0
2302800;2012;0
2302800;2016;0
2303501;1992;0
2303501;1996;0
2303501;2000;0
2303501;2004;0
2303501;2008;0
2303501;2012;0
2303501;2016;0
2303709;1992;0
2303709;1996;0
2303709;2000;0
2303709;2004;0
2303709;2008;1
2303709;2012;0
2303709;2016;0
2304103;1992;0
2304103;1996;0
2304103;2000;0
2304103;2004;0
2304103;2008;0
2304103;2012;0
2304103;2016;0
2304202;1992;0
2304202;1996;0
2304202;2000;0
2304202;2004;0
2304202;2008;0
2304202;2012;1
2304202;2016;0
2304400;1992;0
2304400;1996;0
2304400;2000;0
2304400;2004;0
2304400;2008;1
2304400;2012;1
2304400;2016;1
2304707;1992;0
2304707;1996;0
2304707;2000;0
2304707;2004;0
2304707;2008;0
2304707;2012;0
2304707;2016;0
2305407;1992;0
2305407;1996;0
2305407;2000;0
2305407;2004;0
2305407;2008;0
2305407;2012;0
2305407;2016;0
2305506;1992;0
2305506;1996;0
2305506;2000;0
2305506;2004;0
2305506;2008;1
2305506;2012;1
2305506;2016;0
2306405;1992;0
2306405;1996;0
2306405;2000;0
2306405;2004;0
2306405;2008;0
2306405;2012;0
2306405;2016;0
2307304;1992;0
2307304;1996;0
2307304;2000;0
2307304;2004;0
2307304;2008;0
2307304;2012;1
2307304;2016;0
2307601;1992;0
2307601;1996;0
2307601;2000;0
2307601;2004;0
2307601;2008;0
2307601;2012;0
2307601;2016;0
2307650;1992;0
2307650;1996;0
2307650;2000;0
2307650;2004;1
2307650;2008;0
2307650;2012;0
2307650;2016;0
2307700;1992;0
2307700;1996;0
2307700;2000;0
2307700;2004;0
2307700;2008;0
2307700;2012;0
2307700;2016;0
2308708;1992;0
2308708;1996;0
2308708;2000;0
2308708;2004;0
2308708;2008;0
2308708;2012;0
2308708;2016;0
2309607;1992;0
2309607;1996;0
2309607;2000;0
2309607;2004;0
2309607;2008;0
2309607;2012;0
2309607;2016;0
2309706;1992;0
2309706;1996;0
2309706;2000;0
2309706;2004;0
2309706;2008;0
2309706;2012;0
2309706;2016;0
2311306;1992;0
2311306;1996;0
2311306;2000;0
2311306;2004;0
2311306;2008;0
2311306;2012;0
2311306;2016;0
2311405;1992;0
2311405;1996;0
2311405;2000;0
2311405;2004;0
2311405;2008;1
2311405;2012;0
2311405;2016;0
2311801;1992;0
2311801;1996;0
2311801;2000;0
2311801;2004;0
2311801;2008;0
2311801;2012;0
2311801;2016;0
2312908;1992;0
2312908;1996;0
2312908;2000;1
2312908;2004;1
2312908;2008;1
2312908;2012;0
2312908;2016;0
2313302;1992;0
2313302;1996;0
2313302;2000;0
2313302;2004;0
2313302;2008;0
2313302;2012;0
2313302;2016;0
2313401;1992;0
2313401;1996;0
2313401;2000;0
2313401;2004;0
2313401;2008;0
2313401;2012;0
2313401;2016;0
2400208;1992;0
2400208;1996;0
2400208;2000;0
2400208;2004;0
2400208;2008;0
2400208;2012;0
2400208;2016;0
2402006;1992;0
2402006;1996;0
2402006;2000;0
2402006;2004;0
2402006;2008;0
2402006;2012;0
2402006;2016;0
2402600;1992;0
2402600;1996;0
2402600;2000;0
2402600;2004;0
2402600;2008;0
2402600;2012;0
2402600;2016;0
2403251;1992;0
2403251;1996;0
2403251;2000;0
2403251;2004;0
2403251;2008;0
2403251;2012;0
2403251;2016;0
2407104;1992;0
2407104;1996;0
2407104;2000;0
2407104;2004;0
2407104;2008;0
2407104;2012;0
2407104;2016;0
2408003;1992;0
2408003;1996;0
2408003;2000;0
2408003;2004;0
2408003;2008;0
2408003;2012;0
2408003;2016;0
2408102;1992;0
2408102;1996;1
2408102;2000;0
2408102;2004;0
2408102;2008;1
2408102;2012;0
2408102;2016;1
2412005;1992;0
2412005;1996;0
2412005;2000;0
2412005;2004;0
2412005;2008;0
2412005;2012;0
2412005;2016;0
2501807;1992;0
2501807;1996;0
2501807;2000;0
2501807;2004;0
2501807;2008;0
2501807;2012;0
2501807;2016;0
2503704;1992;0
2503704;1996;0
2503704;2000;0
2503704;2004;0
2503704;2008;0
2503704;2012;0
2503704;2016;0
2504009;1992;0
2504009;1996;0
2504009;2000;1
2504009;2004;1
2504009;2008;1
2504009;2012;1
2504009;2016;1
2506301;1992;0
2506301;1996;0
2506301;2000;0
2506301;2004;0
2506301;2008;0
2506301;2012;0
2506301;2016;1
2507507;1992;0
2507507;1996;0
2507507;2000;0
2507507;2004;0
2507507;2008;1
2507507;2012;1
2507507;2016;1
2510808;1992;0
2510808;1996;0
2510808;2000;0
2510808;2004;0
2510808;2008;1
2510808;2012;1
2510808;2016;0
2513703;1992;0
2513703;1996;0
2513703;2000;0
2513703;2004;0
2513703;2008;0
2513703;2012;0
2513703;2016;0
2515302;1992;0
2515302;1996;0
2515302;2000;0
2515302;2004;0
2515302;2008;0
2515302;2012;0
2515302;2016;0
2516201;1992;0
2516201;1996;0
2516201;2000;0
2516201;2004;0
2516201;2008;0
2516201;2012;0
2516201;2016;0
2600054;1992;0
2600054;1996;0
2600054;2000;0
2600054;2004;0
2600054;2008;0
2600054;2012;0
2600054;2016;0
2601102;1992;0
2601102;1996;0
2601102;2000;0
2601102;2004;0
2601102;2008;0
2601102;2012;0
2601102;2016;0
2601201;1992;0
2601201;1996;0
2601201;2000;0
2601201;2004;0
2601201;2008;0
2601201;2012;0
2601201;2016;0
2601706;1992;0
2601706;1996;0
2601706;2000;0
2601706;2004;0
2601706;2008;0
2601706;2012;0
2601706;2016;0
2601904;1992;0
2601904;1996;0
2601904;2000;0
2601904;2004;0
2601904;2008;0
2601904;2012;0
2601904;2016;0
2602902;1992;0
2602902;1996;0
2602902;2000;1
2602902;2004;1
2602902;2008;0
2602902;2012;1
2602902;2016;1
2603454;1992;0
2603454;1996;0
2603454;2000;1
2603454;2004;1
2603454;2008;0
2603454;2012;0
2603454;2016;0
2604007;1992;0
2604007;1996;0
2604007;2000;0
2604007;2004;0
2604007;2008;0
2604007;2012;0
2604007;2016;0
2604106;1992;0
2604106;1996;0
2604106;2000;0
2604106;2004;1
2604106;2008;0
2604106;2012;0
2604106;2016;1
2605202;1992;0
2605202;1996;0
2605202;2000;0
2605202;2004;0
2605202;2008;0
2605202;2012;0
2605202;2016;0
2606002;1992;0
2606002;1996;0
2606002;2000;0
2606002;2004;1
2606002;2008;0
2606002;2012;0
2606002;2016;0
2606200;1992;0
2606200;1996;0
2606200;2000;0
2606200;2004;0
2606200;2008;0
2606200;2012;0
2606200;2016;0
2606408;1992;0
2606408;1996;0
2606408;2000;0
2606408;2004;0
2606408;2008;0
2606408;2012;0
2606408;2016;0
2606804;1992;0
2606804;1996;0
2606804;2000;0
2606804;2004;0
2606804;2008;0
2606804;2012;0
2606804;2016;0
2607208;1992;0
2607208;1996;0
2607208;2000;0
2607208;2004;0
2607208;2008;0
2607208;2012;0
2607208;2016;0
2607901;1992;0
2607901;1996;0
2607901;2000;1
2607901;2004;1
2607901;2008;0
2607901;2012;0
2607901;2016;0
2608909;1992;0
2608909;1996;0
2608909;2000;0
2608909;2004;0
2608909;2008;0
2608909;2012;0
2608909;2016;0
2609402;1992;0
2609402;1996;0
2609402;2000;1
2609402;2004;0
2609402;2008;0
2609402;2012;0
2609402;2016;0
2609600;1992;0
2609600;1996;0
2609600;2000;0
2609600;2004;1
2609600;2008;1
2609600;2012;1
2609600;2016;0
2609907;1992;0
2609907;1996;0
2609907;2000;0
2609907;2004;0
2609907;2008;0
2609907;2012;0
2609907;2016;0
2610004;1992;0
2610004;1996;0
2610004;2000;0
2610004;2004;0
2610004;2008;0
2610004;2012;0
2610004;2016;0
2610707;1992;0
2610707;1996;0
2610707;2000;0
2610707;2004;1
2610707;2008;0
2610707;2012;0
2610707;2016;0
2610905;1992;0
2610905;1996;0
2610905;2000;0
2610905;2004;0
2610905;2008;0
2610905;2012;0
2610905;2016;0
2611101;1992;0
2611101;1996;0
2611101;2000;0
2611101;2004;0
2611101;2008;0
2611101;2012;0
2611101;2016;0
2611606;1992;0
2611606;1996;1
2611606;2000;1
2611606;2004;1
2611606;2008;1
2611606;2012;1
2611606;2016;0
2612208;1992;0
2612208;1996;1
2612208;2000;0
2612208;2004;0
2612208;2008;1
2612208;2012;0
2612208;2016;1
2612505;1992;0
2612505;1996;0
2612505;2000;0
2612505;2004;0
2612505;2008;0
2612505;2012;0
2612505;2016;0
2613701;1992;0
2613701;1996;0
2613701;2000;0
2613701;2004;0
2613701;2008;0
2613701;2012;0
2613701;2016;0
2613909;1992;0
2613909;1996;0
2613909;2000;0
2613909;2004;0
2613909;2008;0
2613909;2012;0
2613909;2016;0
2614501;1992;0
2614501;1996;0
2614501;2000;0
2614501;2004;0
2614501;2008;0
2614501;2012;0
2614501;2016;0
2615300;1992;0
2615300;1996;0
2615300;2000;0
2615300;2004;0
2615300;2008;0
2615300;2012;0
2615300;2016;0
2616407;1992;0
2616407;1996;0
2616407;2000;0
2616407;2004;0
2616407;2008;0
2616407;2012;0
2616407;2016;0
2700300;1992;0
2700300;1996;0
2700300;2000;0
2700300;2004;1
2700300;2008;0
2700300;2012;0
2700300;2016;0
2702306;1992;0
2702306;1996;0
2702306;2000;0
2702306;2004;0
2702306;2008;0
2702306;2012;0
2702306;2016;0
2704302;1992;0
2704302;1996;0
2704302;2000;1
2704302;2004;1
2704302;2008;1
2704302;2012;0
2704302;2016;0
2706307;1992;0
2706307;1996;0
2706307;2000;0
2706307;2004;0
2706307;2008;0
2706307;2012;0
2706307;2016;0
2706703;1992;0
2706703;1996;0
2706703;2000;0
2706703;2004;0
2706703;2008;0
2706703;2012;0
2706703;2016;0
2707701;1992;0
2707701;1996;0
2707701;2000;0
2707701;2004;0
2707701;2008;0
2707701;2012;0
2707701;2016;0
2708600;1992;0
2708600;1996;0
2708600;2000;0
2708600;2004;0
2708600;2008;0
2708600;2012;0
2708600;2016;0
2709301;1992;0
2709301;1996;0
2709301;2000;0
2709301;2004;0
2709301;2008;0
2709301;2012;0
2709301;2016;0
2800308;1992;0
2800308;1996;0
2800308;2000;0
2800308;2004;1
2800308;2008;1
2800308;2012;1
2800308;2016;0
2802106;1992;0
2802106;1996;0
2802106;2000;0
2802106;2004;0
2802106;2008;0
2802106;2012;0
2802106;2016;0
2802908;1992;0
2802908;1996;0
2802908;2000;0
2802908;2004;0
2802908;2008;0
2802908;2012;0
2802908;2016;0
2803500;1992;0
2803500;1996;0
2803500;2000;0
2803500;2004;0
2803500;2008;0
2803500;2012;0
2803500;2016;0
2804805;1992;0
2804805;1996;0
2804805;2000;0
2804805;2004;0
2804805;2008;0
2804805;2012;0
2804805;2016;0
2806701;1992;0
2806701;1996;0
2806701;2000;0
2806701;2004;0
2806701;2008;0
2806701;2012;1
2806701;2016;0
2900702;1992;0
2900702;1996;0
2900702;2000;0
2900702;2004;1
2900702;2008;1
2900702;2012;1
2900702;2016;1
2902104;1992;0
2902104;1996;0
2902104;2000;0
2902104;2004;0
2902104;2008;0
2902104;2012;0
2902104;2016;0
2903201;1992;0
2903201;1996;0
2903201;2000;0
2903201;2004;0
2903201;2008;0
2903201;2012;0
2903201;2016;0
2903904;1992;0
2903904;1996;0
2903904;2000;0
2903904;2004;0
2903904;2008;0
2903904;2012;0
2903904;2016;0
2904605;1992;0
2904605;1996;0
2904605;2000;0
2904605;2004;0
2904605;2008;0
2904605;2012;0
2904605;2016;0
2905701;1992;0
2905701;1996;0
2905701;2000;0
2905701;2004;0
2905701;2008;1
2905701;2012;0
2905701;2016;0
2906006;1992;0
2906006;1996;0
2906006;2000;0
2906006;2004;0
2906006;2008;0
2906006;2012;0
2906006;2016;0
2906501;1992;0
2906501;1996;0
2906501;2000;0
2906501;2004;0
2906501;2008;0
2906501;2012;0
2906501;2016;0
2907202;1992;0
2907202;1996;0
2907202;2000;0
2907202;2004;0
2907202;2008;0
2907202;2012;0
2907202;2016;0
2907509;1992;0
2907509;1996;0
2907509;2000;0
2907509;2004;0
2907509;2008;0
2907509;2012;0
2907509;2016;0
2908408;1992;0
2908408;1996;0
2908408;2000;0
2908408;2004;0
2908408;2008;0
2908408;2012;0
2908408;2016;0
2909802;1992;0
2909802;1996;0
2909802;2000;0
2909802;2004;0
2909802;2008;0
2909802;2012;0
2909802;2016;0
2910057;1992;0
2910057;1996;0
2910057;2000;0
2910057;2004;0
2910057;2008;0
2910057;2012;0
2910057;2016;0
2910701;1992;0
2910701;1996;0
2910701;2000;0
2910701;2004;0
2910701;2008;0
2910701;2012;0
2910701;2016;0
2910727;1992;0
2910727;1996;0
2910727;2000;0
2910727;2004;1
2910727;2008;0
2910727;2012;0
2910727;2016;0
2910800;1992;0
2910800;1996;0
2910800;2000;0
2910800;2004;0
2910800;2008;0
2910800;2012;0
2910800;2016;0
2911709;1992;0
2911709;1996;0
2911709;2000;0
2911709;2004;0
2911709;2008;0
2911709;2012;0
2911709;2016;0
2913606;1992;0
2913606;1996;0
2913606;2000;0
2913606;2004;1
2913606;2008;0
2913606;2012;0
2913606;2016;0
2914000;1992;0
2914000;1996;0
2914000;2000;0
2914000;2004;0
2914000;2008;0
2914000;2012;0
2914000;2016;0
2914604;1992;0
2914604;1996;0
2914604;2000;0
2914604;2004;0
2914604;2008;0
2914604;2012;1
2914604;2016;0
2914703;1992;0
2914703;1996;0
2914703;2000;0
2914703;2004;0
2914703;2008;0
2914703;2012;0
2914703;2016;0
2914802;1992;0
2914802;1996;1
2914802;2000;0
2914802;2004;1
2914802;2008;0
2914802;2012;0
2914802;2016;1
2915601;1992;0
2915601;1996;0
2915601;2000;0
2915601;2004;0
2915601;2008;0
2915601;2012;0
2915601;2016;0
2916401;1992;0
2916401;1996;0
2916401;2000;0
2916401;2004;0
2916401;2008;0
2916401;2012;0
2916401;2016;0
2917508;1992;0
2917508;1996;0
2917508;2000;0
2917508;2004;0
2917508;2008;0
2917508;2012;0
2917508;2016;0
2917607;1992;0
2917607;1996;1
2917607;2000;0
2917607;2004;0
2917607;2008;0
2917607;2012;0
2917607;2016;0
2918001;1992;0
2918001;1996;0
2918001;2000;0
2918001;2004;0
2918001;2008;0
2918001;2012;0
2918001;2016;0
2918407;1992;0
2918407;1996;0
2918407;2000;0
2918407;2004;1
2918407;2008;1
2918407;2012;0
2918407;2016;0
2919207;1992;0
2919207;1996;0
2919207;2000;0
2919207;2004;0
2919207;2008;1
2919207;2012;1
2919207;2016;0
2921500;1992;0
2921500;1996;0
2921500;2000;0
2921500;2004;0
2921500;2008;0
2921500;2012;0
2921500;2016;0
2924009;1992;0
2924009;1996;0
2924009;2000;0
2924009;2004;0
2924009;2008;1
2924009;2012;0
2924009;2016;0
2925303;1992;0
2925303;1996;0
2925303;2000;0
2925303;2004;0
2925303;2008;0
2925303;2012;0
2925303;2016;0
2927408;1992;0
2927408;1996;1
2927408;2000;1
2927408;2004;0
2927408;2008;1
2927408;2012;0
2927408;2016;0
2928604;1992;0
2928604;1996;0
2928604;2000;0
2928604;2004;0
2928604;2008;0
2928604;2012;0
2928604;2016;0
2928703;1992;0
2928703;1996;0
2928703;2000;0
2928703;2004;0
2928703;2008;0
2928703;2012;0
2928703;2016;0
2930105;1992;0
2930105;1996;0
2930105;2000;0
2930105;2004;1
2930105;2008;1
2930105;2012;1
2930105;2016;0
2930501;1992;0
2930501;1996;0
2930501;2000;0
2930501;2004;0
2930501;2008;0
2930501;2012;1
2930501;2016;0
2930709;1992;0
2930709;1996;0
2930709;2000;0
2930709;2004;0
2930709;2008;1
2930709;2012;0
2930709;2016;0
2931350;1992;0
2931350;1996;0
2931350;2000;0
2931350;2004;1
2931350;2008;0
2931350;2012;0
2931350;2016;0
2931905;1992;0
2931905;1996;0
2931905;2000;0
2931905;2004;0
2931905;2008;0
2931905;2012;0
2931905;2016;0
2932903;1992;0
2932903;1996;0
2932903;2000;0
2932903;2004;0
2932903;2008;0
2932903;2012;0
2932903;2016;0
2933307;1992;0
2933307;1996;1
2933307;2000;1
2933307;2004;1
2933307;2008;1
2933307;2012;1
2933307;2016;1
3101607;1992;0
3101607;1996;0
3101607;2000;0
3101607;2004;0
3101607;2008;1
3101607;2012;0
3101607;2016;0
3103504;1992;0
3103504;1996;0
3103504;2000;0
3103504;2004;0
3103504;2008;0
3103504;2012;0
3103504;2016;0
3104007;1992;0
3104007;1996;0
3104007;2000;1
3104007;2004;0
3104007;2008;0
3104007;2012;0
3104007;2016;0
3105608;1992;0
3105608;1996;0
3105608;2000;0
3105608;2004;1
3105608;2008;0
3105608;2012;1
3105608;2016;0
3106200;1992;0
3106200;1996;1
3106200;2000;1
3106200;2004;1
3106200;2008;1
3106200;2012;1
3106200;2016;1
3106705;1992;0
3106705;1996;1
3106705;2000;1
3106705;2004;1
3106705;2008;1
3106705;2012;1
3106705;2016;0
3111200;1992;0
3111200;1996;0
3111200;2000;0
3111200;2004;0
3111200;2008;0
3111200;2012;0
3111200;2016;0
3113404;1992;0
3113404;1996;0
3113404;2000;0
3113404;2004;1
3113404;2008;1
3113404;2012;1
3113404;2016;0
3115300;1992;0
3115300;1996;0
3115300;2000;0
3115300;2004;0
3115300;2008;0
3115300;2012;0
3115300;2016;0
3118304;1992;0
3118304;1996;0
3118304;2000;0
3118304;2004;1
3118304;2008;0
3118304;2012;0
3118304;2016;0
3118601;1992;0
3118601;1996;0
3118601;2000;0
3118601;2004;0
3118601;2008;1
3118601;2012;1
3118601;2016;0
3119401;1992;0
3119401;1996;0
3119401;2000;1
3119401;2004;1
3119401;2008;1
3119401;2012;0
3119401;2016;0
3120904;1992;0
3120904;1996;0
3120904;2000;0
3120904;2004;0
3120904;2008;0
3120904;2012;0
3120904;2016;0
3122306;1992;0
3122306;1996;0
3122306;2000;1
3122306;2004;0
3122306;2008;1
3122306;2012;0
3122306;2016;0
3124104;1992;0
3124104;1996;0
3124104;2000;0
3124104;2004;0
3124104;2008;0
3124104;2012;1
3124104;2016;0
3126109;1992;0
3126109;1996;0
3126109;2000;0
3126109;2004;0
3126109;2008;1
3126109;2012;0
3126109;2016;0
3127107;1992;0
3127107;1996;0
3127107;2000;0
3127107;2004;0
3127107;2008;0
3127107;2012;0
3127107;2016;0
3127701;1992;0
3127701;1996;0
3127701;2000;0
3127701;2004;1
3127701;2008;0
3127701;2012;0
3127701;2016;0
3128709;1992;0
3128709;1996;0
3128709;2000;0
3128709;2004;0
3128709;2008;1
3128709;2012;0
3128709;2016;0
3129806;1992;0
3129806;1996;0
3129806;2000;0
3129806;2004;0
3129806;2008;0
3129806;2012;0
3129806;2016;0
3131307;1992;1
3131307;1996;1
3131307;2000;1
3131307;2004;1
3131307;2008;1
3131307;2012;1
3131307;2016;0
3131703;1992;0
3131703;1996;1
3131703;2000;1
3131703;2004;0
3131703;2008;0
3131703;2012;0
3131703;2016;0
3132404;1992;0
3132404;1996;0
3132404;2000;0
3132404;2004;0
3132404;2008;0
3132404;2012;1
3132404;2016;0
3133808;1992;0
3133808;1996;0
3133808;2000;0
3133808;2004;0
3133808;2008;1
3133808;2012;0
3133808;2016;0
3134202;1992;0
3134202;1996;0
3134202;2000;0
3134202;2004;0
3134202;2008;0
3134202;2012;0
3134202;2016;0
3135100;1992;0
3135100;1996;0
3135100;2000;0
3135100;2004;0
3135100;2008;0
3135100;2012;0
3135100;2016;0
3135209;1992;0
3135209;1996;0
3135209;2000;0
3135209;2004;0
3135209;2008;0
3135209;2012;0
3135209;2016;0
3136207;1992;0
3136207;1996;0
3136207;2000;1
3136207;2004;0
3136207;2008;0
3136207;2012;1
3136207;2016;0
3136702;1992;0
3136702;1996;1
3136702;2000;0
3136702;2004;0
3136702;2008;1
3136702;2012;0
3136702;2016;0
3138203;1992;0
3138203;1996;0
3138203;2000;0
3138203;2004;0
3138203;2008;0
3138203;2012;0
3138203;2016;0
3138401;1992;0
3138401;1996;0
3138401;2000;0
3138401;2004;0
3138401;2008;0
3138401;2012;0
3138401;2016;0
3139409;1992;0
3139409;1996;0
3139409;2000;1
3139409;2004;1
3139409;2008;1
3139409;2012;0
3139409;2016;0
3140001;1992;0
3140001;1996;0
3140001;2000;0
3140001;2004;0
3140001;2008;0
3140001;2012;0
3140001;2016;0
3143302;1992;0
3143302;1996;1
3143302;2000;0
3143302;2004;0
3143302;2008;1
3143302;2012;0
3143302;2016;0
3143906;1992;0
3143906;1996;0
3143906;2000;0
3143906;2004;0
3143906;2008;0
3143906;2012;0
3143906;2016;0
3144805;1992;0
3144805;1996;0
3144805;2000;0
3144805;2004;0
3144805;2008;0
3144805;2012;0
3144805;2016;0
3146107;1992;0
3146107;1996;0
3146107;2000;0
3146107;2004;0
3146107;2008;1
3146107;2012;1
3146107;2016;0
3147006;1992;0
3147006;1996;0
3147006;2000;1
3147006;2004;0
3147006;2008;0
3147006;2012;0
3147006;2016;0
3147105;1992;0
3147105;1996;0
3147105;2000;0
3147105;2004;0
3147105;2008;0
3147105;2012;0
3147105;2016;0
3147907;1992;0
3147907;1996;0
3147907;2000;0
3147907;2004;0
3147907;2008;0
3147907;2012;0
3147907;2016;0
3148004;1992;0
3148004;1996;0
3148004;2000;0
3148004;2004;1
3148004;2008;0
3148004;2012;1
3148004;2016;0
3148103;1992;0
3148103;1996;0
3148103;2000;0
3148103;2004;0
3148103;2008;1
3148103;2012;1
3148103;2016;1
3149309;1992;0
3149309;1996;0
3149309;2000;0
3149309;2004;0
3149309;2008;0
3149309;2012;0
3149309;2016;0
3151206;1992;0
3151206;1996;0
3151206;2000;0
3151206;2004;0
3151206;2008;0
3151206;2012;0
3151206;2016;0
3151800;1992;0
3151800;1996;0
3151800;2000;0
3151800;2004;1
3151800;2008;0
3151800;2012;0
3151800;2016;0
3152105;1992;0
3152105;1996;0
3152105;2000;0
3152105;2004;0
3152105;2008;0
3152105;2012;0
3152105;2016;0
3152501;1992;0
3152501;1996;0
3152501;2000;0
3152501;2004;0
3152501;2008;0
3152501;2012;1
3152501;2016;0
3154606;1992;0
3154606;1996;0
3154606;2000;0
3154606;2004;1
3154606;2008;0
3154606;2012;0
3154606;2016;0
3156700;1992;0
3156700;1996;0
3156700;2000;0
3156700;2004;0
3156700;2008;0
3156700;2012;0
3156700;2016;0
3157807;1992;0
3157807;1996;0
3157807;2000;0
3157807;2004;0
3157807;2008;0
3157807;2012;0
3157807;2016;0
3160702;1992;0
3160702;1996;0
3160702;2000;0
3160702;2004;0
3160702;2008;0
3160702;2012;0
3160702;2016;0
3161106;1992;0
3161106;1996;0
3161106;2000;0
3161106;2004;0
3161106;2008;0
3161106;2012;0
3161106;2016;0
3162500;1992;0
3162500;1996;0
3162500;2000;0
3162500;2004;0
3162500;2008;0
3162500;2012;0
3162500;2016;0
3164704;1992;0
3164704;1996;0
3164704;2000;0
3164704;2004;0
3164704;2008;0
3164704;2012;0
3164704;2016;0
3167202;1992;0
3167202;1996;0
3167202;2000;0
3167202;2004;0
3167202;2008;0
3167202;2012;0
3167202;2016;0
3168606;1992;0
3168606;1996;0
3168606;2000;0
3168606;2004;0
3168606;2008;1
3168606;2012;0
3168606;2016;0
3168705;1992;0
3168705;1996;0
3168705;2000;0
3168705;2004;0
3168705;2008;0
3168705;2012;0
3168705;2016;0
3169307;1992;0
3169307;1996;0
3169307;2000;0
3169307;2004;0
3169307;2008;0
3169307;2012;0
3169307;2016;0
3169406;1992;0
3169406;1996;1
3169406;2000;0
3169406;2004;0
3169406;2008;0
3169406;2012;0
3169406;2016;0
3169901;1992;0
3169901;1996;0
3169901;2000;0
3169901;2004;0
3169901;2008;1
3169901;2012;1
3169901;2016;1
3170107;1992;0
3170107;1996;0
3170107;2000;0
3170107;2004;0
3170107;2008;0
3170107;2012;0
3170107;2016;0
3170206;1992;0
3170206;1996;0
3170206;2000;0
3170206;2004;1
3170206;2008;1
3170206;2012;0
3170206;2016;0
3170404;1992;0
3170404;1996;0
3170404;2000;0
3170404;2004;0
3170404;2008;0
3170404;2012;0
3170404;2016;0
3170701;1992;0
3170701;1996;0
3170701;2000;0
3170701;2004;1
3170701;2008;1
3170701;2012;0
3170701;2016;0
3171204;1992;0
3171204;1996;0
3171204;2000;0
3171204;2004;0
3171204;2008;0
3171204;2012;0
3171204;2016;0
3171303;1992;0
3171303;1996;0
3171303;2000;0
3171303;2004;1
3171303;2008;1
3171303;2012;0
3171303;2016;0
3200607;1992;0
3200607;1996;0
3200607;2000;0
3200607;2004;0
3200607;2008;1
3200607;2012;0
3200607;2016;0
3201209;1992;0
3201209;1996;0
3201209;2000;0
3201209;2004;0
3201209;2008;0
3201209;2012;1
3201209;2016;1
3201308;1992;0
3201308;1996;0
3201308;2000;0
3201308;2004;1
3201308;2008;1
3201308;2012;1
3201308;2016;0
3201506;1992;0
3201506;1996;0
3201506;2000;0
3201506;2004;1
3201506;2008;1
3201506;2012;0
3201506;2016;0
3202405;1992;0
3202405;1996;0
3202405;2000;0
3202405;2004;0
3202405;2008;1
3202405;2012;0
3202405;2016;1
3203205;1992;0
3203205;1996;0
3203205;2000;0
3203205;2004;0
3203205;2008;1
3203205;2012;0
3203205;2016;0
3204906;1992;0
3204906;1996;0
3204906;2000;0
3204906;2004;0
3204906;2008;1
3204906;2012;0
3204906;2016;0
3205002;1992;0
3205002;1996;0
3205002;2000;1
3205002;2004;1
3205002;2008;1
3205002;2012;1
3205002;2016;0
3205101;1992;0
3205101;1996;0
3205101;2000;0
3205101;2004;0
3205101;2008;0
3205101;2012;0
3205101;2016;0
3205200;1992;1
3205200;1996;1
3205200;2000;1
3205200;2004;0
3205200;2008;0
3205200;2012;0
3205200;2016;0
3205309;1992;1
3205309;1996;1
3205309;2000;1
3205309;2004;1
3205309;2008;1
3205309;2012;1
3205309;2016;0
3300100;1992;1
3300100;1996;1
3300100;2000;1
3300100;2004;0
3300100;2008;0
3300100;2012;0
3300100;2016;0
3300209;1992;0
3300209;1996;0
3300209;2000;0
3300209;2004;0
3300209;2008;0
3300209;2012;0
3300209;2016;0
3300308;1992;0
3300308;1996;0
3300308;2000;0
3300308;2004;0
3300308;2008;1
3300308;2012;0
3300308;2016;0
3300407;1992;0
3300407;1996;0
3300407;2000;1
3300407;2004;0
3300407;2008;0
3300407;2012;0
3300407;2016;0
3300456;1992;0
3300456;1996;0
3300456;2000;0
3300456;2004;0
3300456;2008;0
3300456;2012;0
3300456;2016;0
3300704;1992;0
3300704;1996;0
3300704;2000;0
3300704;2004;0
3300704;2008;0
3300704;2012;0
3300704;2016;0
3300803;1992;0
3300803;1996;0
3300803;2000;0
3300803;2004;0
3300803;2008;0
3300803;2012;0
3300803;2016;0
3301009;1992;0
3301009;1996;0
3301009;2000;0
3301009;2004;1
3301009;2008;1
3301009;2012;0
3301009;2016;0
3301702;1992;0
3301702;1996;0
3301702;2000;0
3301702;2004;1
3301702;2008;0
3301702;2012;0
3301702;2016;0
3301900;1992;0
3301900;1996;0
3301900;2000;0
3301900;2004;1
3301900;2008;0
3301900;2012;1
3301900;2016;0
3302007;1992;0
3302007;1996;0
3302007;2000;1
3302007;2004;0
3302007;2008;0
3302007;2012;0
3302007;2016;0
3302205;1992;0
3302205;1996;0
3302205;2000;0
3302205;2004;0
3302205;2008;0
3302205;2012;0
3302205;2016;0
3302270;1992;0
3302270;1996;0
3302270;2000;0
3302270;2004;0
3302270;2008;0
3302270;2012;0
3302270;2016;0
3302403;1992;0
3302403;1996;0
3302403;2000;0
3302403;2004;0
3302403;2008;0
3302403;2012;1
3302403;2016;1
3302502;1992;0
3302502;1996;0
3302502;2000;0
3302502;2004;0
3302502;2008;0
3302502;2012;0
3302502;2016;0
3302700;1992;0
3302700;1996;0
3302700;2000;0
3302700;2004;0
3302700;2008;0
3302700;2012;0
3302700;2016;0
3302858;1992;0
3302858;1996;0
3302858;2000;0
3302858;2004;0
3302858;2008;0
3302858;2012;0
3302858;2016;0
3303203;1992;0
3303203;1996;0
3303203;2000;0
3303203;2004;1
3303203;2008;0
3303203;2012;0
3303203;2016;0
3303302;1992;0
3303302;1996;0
3303302;2000;1
3303302;2004;1
3303302;2008;1
3303302;2012;0
3303302;2016;0
3303401;1992;0
3303401;1996;0
3303401;2000;0
3303401;2004;0
3303401;2008;0
3303401;2012;0
3303401;2016;0
3303500;1992;0
3303500;1996;0
3303500;2000;0
3303500;2004;0
3303500;2008;0
3303500;2012;0
3303500;2016;0
3303906;1992;0
3303906;1996;0
3303906;2000;0
3303906;2004;1
3303906;2008;1
3303906;2012;0
3303906;2016;0
3304144;1992;0
3304144;1996;0
3304144;2000;0
3304144;2004;0
3304144;2008;0
3304144;2012;0
3304144;2016;0
3304201;1992;0
3304201;1996;0
3304201;2000;1
3304201;2004;1
3304201;2008;0
3304201;2012;0
3304201;2016;0
3304300;1992;0
3304300;1996;0
3304300;2000;0
3304300;2004;0
3304300;2008;0
3304300;2012;0
3304300;2016;0
3304557;1992;0
3304557;1996;0
3304557;2000;0
3304557;2004;1
3304557;2008;0
3304557;2012;0
3304557;2016;0
3304904;1992;0
3304904;1996;0
3304904;2000;0
3304904;2004;0
3304904;2008;0
3304904;2012;0
3304904;2016;0
3305109;1992;0
3305109;1996;0
3305109;2000;0
3305109;2004;1
3305109;2008;0
3305109;2012;0
3305109;2016;0
3305208;1992;0
3305208;1996;0
3305208;2000;0
3305208;2004;0
3305208;2008;0
3305208;2012;0
3305208;2016;0
3305505;1992;0
3305505;1996;0
3305505;2000;0
3305505;2004;0
3305505;2008;0
3305505;2012;0
3305505;2016;0
3305554;1992;NA
3305554;1996;0
3305554;2000;0
3305554;2004;0
3305554;2008;0
3305554;2012;0
3305554;2016;0
3305802;1992;0
3305802;1996;0
3305802;2000;0
3305802;2004;0
3305802;2008;0
3305802;2012;1
3305802;2016;0
3306008;1992;0
3306008;1996;0
3306008;2000;0
3306008;2004;0
3306008;2008;0
3306008;2012;0
3306008;2016;0
3306107;1992;0
3306107;1996;0
3306107;2000;0
3306107;2004;0
3306107;2008;0
3306107;2012;0
3306107;2016;0
3306305;1992;0
3306305;1996;1
3306305;2000;1
3306305;2004;1
3306305;2008;1
3306305;2012;1
3306305;2016;0
3501608;1992;0
3501608;1996;0
3501608;2000;1
3501608;2004;0
3501608;2008;0
3501608;2012;0
3501608;2016;0
3501905;1992;0
3501905;1996;0
3501905;2000;0
3501905;2004;1
3501905;2008;1
3501905;2012;0
3501905;2016;0
3502101;1992;0
3502101;1996;0
3502101;2000;0
3502101;2004;0
3502101;2008;0
3502101;2012;1
3502101;2016;0
3502804;1992;0
3502804;1996;0
3502804;2000;0
3502804;2004;0
3502804;2008;0
3502804;2012;1
3502804;2016;1
3503208;1992;0
3503208;1996;0
3503208;2000;0
3503208;2004;1
3503208;2008;1
3503208;2012;0
3503208;2016;0
3503307;1992;0
3503307;1996;0
3503307;2000;0
3503307;2004;0
3503307;2008;0
3503307;2012;1
3503307;2016;1
3503901;1992;0
3503901;1996;0
3503901;2000;0
3503901;2004;0
3503901;2008;0
3503901;2012;0
3503901;2016;0
3504008;1992;0
3504008;1996;0
3504008;2000;0
3504008;2004;0
3504008;2008;0
3504008;2012;0
3504008;2016;0
3504107;1992;0
3504107;1996;0
3504107;2000;0
3504107;2004;1
3504107;2008;1
3504107;2012;1
3504107;2016;0
3504503;1992;0
3504503;1996;0
3504503;2000;0
3504503;2004;1
3504503;2008;0
3504503;2012;0
3504503;2016;0
3505500;1992;0
3505500;1996;0
3505500;2000;0
3505500;2004;0
3505500;2008;0
3505500;2012;0
3505500;2016;0
3505708;1992;0
3505708;1996;0
3505708;2000;0
3505708;2004;0
3505708;2008;0
3505708;2012;0
3505708;2016;0
3505906;1992;0
3505906;1996;0
3505906;2000;0
3505906;2004;1
3505906;2008;0
3505906;2012;0
3505906;2016;0
3506003;1992;0
3506003;1996;0
3506003;2000;0
3506003;2004;0
3506003;2008;1
3506003;2012;1
3506003;2016;1
3506102;1992;0
3506102;1996;0
3506102;2000;0
3506102;2004;1
3506102;2008;0
3506102;2012;0
3506102;2016;0
3506508;1992;0
3506508;1996;0
3506508;2000;0
3506508;2004;0
3506508;2008;0
3506508;2012;0
3506508;2016;0
3507506;1992;0
3507506;1996;0
3507506;2000;0
3507506;2004;1
3507506;2008;1
3507506;2012;1
3507506;2016;1
3507605;1992;0
3507605;1996;0
3507605;2000;0
3507605;2004;0
3507605;2008;0
3507605;2012;0
3507605;2016;0
3508504;1992;0
3508504;1996;0
3508504;2000;1
3508504;2004;0
3508504;2008;0
3508504;2012;0
3508504;2016;0
3509007;1992;0
3509007;1996;0
3509007;2000;0
3509007;2004;1
3509007;2008;0
3509007;2012;1
3509007;2016;0
3509205;1992;0
3509205;1996;0
3509205;2000;0
3509205;2004;0
3509205;2008;0
3509205;2012;0
3509205;2016;0
3509502;1992;0
3509502;1996;0
3509502;2000;0
3509502;2004;1
3509502;2008;1
3509502;2012;1
3509502;2016;1
3509601;1992;0
3509601;1996;0
3509601;2000;0
3509601;2004;0
3509601;2008;0
3509601;2012;1
3509601;2016;0
3510203;1992;0
3510203;1996;0
3510203;2000;0
3510203;2004;0
3510203;2008;0
3510203;2012;0
3510203;2016;0
3510500;1992;0
3510500;1996;0
3510500;2000;0
3510500;2004;0
3510500;2008;0
3510500;2012;0
3510500;2016;0
3510609;1992;0
3510609;1996;0
3510609;2000;0
3510609;2004;0
3510609;2008;1
3510609;2012;1
3510609;2016;0
3511102;1992;0
3511102;1996;0
3511102;2000;1
3511102;2004;1
3511102;2008;0
3511102;2012;0
3511102;2016;0
3513009;1992;0
3513009;1996;0
3513009;2000;0
3513009;2004;0
3513009;2008;0
3513009;2012;0
3513009;2016;0
3513405;1992;0
3513405;1996;0
3513405;2000;0
3513405;2004;0
3513405;2008;0
3513405;2012;0
3513405;2016;0
3513504;1992;0
3513504;1996;0
3513504;2000;0
3513504;2004;1
3513504;2008;1
3513504;2012;0
3513504;2016;1
3513801;1992;0
3513801;1996;1
3513801;2000;0
3513801;2004;1
3513801;2008;1
3513801;2012;1
3513801;2016;1
3515004;1992;0
3515004;1996;0
3515004;2000;0
3515004;2004;1
3515004;2008;1
3515004;2012;1
3515004;2016;0
3515103;1992;0
3515103;1996;0
3515103;2000;0
3515103;2004;0
3515103;2008;1
3515103;2012;1
3515103;2016;0
3515509;1992;0
3515509;1996;0
3515509;2000;0
3515509;2004;0
3515509;2008;0
3515509;2012;0
3515509;2016;0
3515707;1992;0
3515707;1996;0
3515707;2000;0
3515707;2004;0
3515707;2008;0
3515707;2012;0
3515707;2016;0
3516200;1992;0
3516200;1996;1
3516200;2000;1
3516200;2004;1
3516200;2008;0
3516200;2012;0
3516200;2016;0
3516309;1992;0
3516309;1996;0
3516309;2000;0
3516309;2004;0
3516309;2008;0
3516309;2012;0
3516309;2016;0
3516408;1992;0
3516408;1996;0
3516408;2000;0
3516408;2004;0
3516408;2008;0
3516408;2012;0
3516408;2016;0
3518404;1992;0
3518404;1996;0
3518404;2000;0
3518404;2004;0
3518404;2008;0
3518404;2012;0
3518404;2016;0
3518701;1992;0
3518701;1996;0
3518701;2000;0
3518701;2004;0
3518701;2008;0
3518701;2012;1
3518701;2016;0
3518800;1992;0
3518800;1996;0
3518800;2000;0
3518800;2004;1
3518800;2008;1
3518800;2012;1
3518800;2016;1
3519071;1992;0
3519071;1996;0
3519071;2000;0
3519071;2004;0
3519071;2008;1
3519071;2012;0
3519071;2016;0
3519600;1992;0
3519600;1996;0
3519600;2000;0
3519600;2004;0
3519600;2008;0
3519600;2012;0
3519600;2016;0
3519709;1992;0
3519709;1996;0
3519709;2000;0
3519709;2004;0
3519709;2008;0
3519709;2012;0
3519709;2016;0
3520509;1992;0
3520509;1996;0
3520509;2000;0
3520509;2004;0
3520509;2008;0
3520509;2012;0
3520509;2016;0
3522109;1992;0
3522109;1996;0
3522109;2000;0
3522109;2004;0
3522109;2008;0
3522109;2012;0
3522109;2016;0
3522208;1992;0
3522208;1996;0
3522208;2000;1
3522208;2004;1
3522208;2008;0
3522208;2012;0
3522208;2016;0
3522307;1992;0
3522307;1996;0
3522307;2000;0
3522307;2004;1
3522307;2008;0
3522307;2012;0
3522307;2016;0
3522406;1992;0
3522406;1996;0
3522406;2000;0
3522406;2004;1
3522406;2008;1
3522406;2012;0
3522406;2016;0
3522505;1992;0
3522505;1996;0
3522505;2000;0
3522505;2004;0
3522505;2008;0
3522505;2012;0
3522505;2016;0
3522604;1992;0
3522604;1996;0
3522604;2000;0
3522604;2004;0
3522604;2008;1
3522604;2012;0
3522604;2016;0
3523107;1992;0
3523107;1996;0
3523107;2000;0
3523107;2004;0
3523107;2008;0
3523107;2012;0
3523107;2016;0
3523404;1992;0
3523404;1996;0
3523404;2000;0
3523404;2004;0
3523404;2008;0
3523404;2012;0
3523404;2016;0
3523909;1992;0
3523909;1996;0
3523909;2000;0
3523909;2004;0
3523909;2008;0
3523909;2012;0
3523909;2016;0
3524303;1992;0
3524303;1996;0
3524303;2000;1
3524303;2004;1
3524303;2008;1
3524303;2012;0
3524303;2016;0
3524402;1992;0
3524402;1996;0
3524402;2000;0
3524402;2004;1
3524402;2008;1
3524402;2012;1
3524402;2016;1
3525003;1992;0
3525003;1996;0
3525003;2000;0
3525003;2004;1
3525003;2008;1
3525003;2012;0
3525003;2016;0
3525300;1992;0
3525300;1996;0
3525300;2000;0
3525300;2004;0
3525300;2008;0
3525300;2012;0
3525300;2016;0
3525904;1992;0
3525904;1996;0
3525904;2000;0
3525904;2004;0
3525904;2008;1
3525904;2012;0
3525904;2016;0
3526704;1992;0
3526704;1996;0
3526704;2000;1
3526704;2004;0
3526704;2008;0
3526704;2012;0
3526704;2016;0
3526803;1992;0
3526803;1996;0
3526803;2000;0
3526803;2004;0
3526803;2008;0
3526803;2012;0
3526803;2016;0
3526902;1992;0
3526902;1996;0
3526902;2000;0
3526902;2004;0
3526902;2008;0
3526902;2012;0
3526902;2016;1
3527108;1992;0
3527108;1996;0
3527108;2000;1
3527108;2004;1
3527108;2008;0
3527108;2012;0
3527108;2016;0
3527207;1992;0
3527207;1996;0
3527207;2000;0
3527207;2004;0
3527207;2008;0
3527207;2012;0
3527207;2016;0
3528502;1992;0
3528502;1996;0
3528502;2000;0
3528502;2004;0
3528502;2008;0
3528502;2012;0
3528502;2016;0
3529005;1992;0
3529005;1996;0
3529005;2000;0
3529005;2004;0
3529005;2008;0
3529005;2012;0
3529005;2016;0
3529302;1992;0
3529302;1996;0
3529302;2000;1
3529302;2004;0
3529302;2008;0
3529302;2012;0
3529302;2016;0
3529401;1992;0
3529401;1996;0
3529401;2000;1
3529401;2004;1
3529401;2008;1
3529401;2012;1
3529401;2016;0
3530300;1992;0
3530300;1996;0
3530300;2000;0
3530300;2004;0
3530300;2008;0
3530300;2012;0
3530300;2016;0
3530508;1992;0
3530508;1996;0
3530508;2000;0
3530508;2004;0
3530508;2008;0
3530508;2012;0
3530508;2016;0
3530607;1992;0
3530607;1996;0
3530607;2000;0
3530607;2004;0
3530607;2008;0
3530607;2012;0
3530607;2016;0
3530706;1992;0
3530706;1996;0
3530706;2000;0
3530706;2004;0
3530706;2008;0
3530706;2012;0
3530706;2016;0
3530805;1992;0
3530805;1996;0
3530805;2000;1
3530805;2004;1
3530805;2008;0
3530805;2012;0
3530805;2016;0
3534401;1992;0
3534401;1996;0
3534401;2000;0
3534401;2004;0
3534401;2008;1
3534401;2012;1
3534401;2016;1
3534708;1992;0
3534708;1996;0
3534708;2000;1
3534708;2004;0
3534708;2008;0
3534708;2012;0
3534708;2016;0
3536505;1992;0
3536505;1996;0
3536505;2000;0
3536505;2004;0
3536505;2008;0
3536505;2012;0
3536505;2016;0
3537305;1992;0
3537305;1996;0
3537305;2000;0
3537305;2004;1
3537305;2008;0
3537305;2012;1
3537305;2016;1
3537602;1992;0
3537602;1996;0
3537602;2000;1
3537602;2004;0
3537602;2008;0
3537602;2012;0
3537602;2016;0
3537800;1992;0
3537800;1996;0
3537800;2000;0
3537800;2004;0
3537800;2008;0
3537800;2012;0
3537800;2016;0
3538006;1992;0
3538006;1996;0
3538006;2000;0
3538006;2004;0
3538006;2008;1
3538006;2012;0
3538006;2016;0
3538709;1992;1
3538709;1996;0
3538709;2000;1
3538709;2004;1
3538709;2008;1
3538709;2012;1
3538709;2016;1
3539301;1992;0
3539301;1996;0
3539301;2000;0
3539301;2004;0
3539301;2008;0
3539301;2012;0
3539301;2016;0
3539806;1992;0
3539806;1996;0
3539806;2000;0
3539806;2004;0
3539806;2008;0
3539806;2012;0
3539806;2016;0
3540705;1992;0
3540705;1996;0
3540705;2000;0
3540705;2004;0
3540705;2008;0
3540705;2012;0
3540705;2016;0
3541000;1992;0
3541000;1996;0
3541000;2000;0
3541000;2004;0
3541000;2008;0
3541000;2012;0
3541000;2016;0
3541406;1992;0
3541406;1996;0
3541406;2000;1
3541406;2004;0
3541406;2008;0
3541406;2012;0
3541406;2016;0
3542602;1992;0
3542602;1996;0
3542602;2000;0
3542602;2004;0
3542602;2008;0
3542602;2012;0
3542602;2016;0
3543303;1992;0
3543303;1996;1
3543303;2000;1
3543303;2004;1
3543303;2008;0
3543303;2012;0
3543303;2016;0
3543402;1992;0
3543402;1996;1
3543402;2000;0
3543402;2004;1
3543402;2008;0
3543402;2012;1
3543402;2016;0
3543907;1992;0
3543907;1996;0
3543907;2000;1
3543907;2004;1
3543907;2008;1
3543907;2012;1
3543907;2016;0
3545209;1992;0
3545209;1996;0
3545209;2000;0
3545209;2004;0
3545209;2008;0
3545209;2012;0
3545209;2016;0
3545803;1992;0
3545803;1996;0
3545803;2000;1
3545803;2004;0
3545803;2008;0
3545803;2012;0
3545803;2016;0
3547304;1992;0
3547304;1996;0
3547304;2000;0
3547304;2004;0
3547304;2008;0
3547304;2012;0
3547304;2016;0
3547809;1992;1
3547809;1996;0
3547809;2000;1
3547809;2004;1
3547809;2008;1
3547809;2012;0
3547809;2016;1
3548500;1992;1
3548500;1996;1
3548500;2000;0
3548500;2004;0
3548500;2008;0
3548500;2012;0
3548500;2016;1
3548708;1992;1
3548708;1996;0
3548708;2000;0
3548708;2004;0
3548708;2008;0
3548708;2012;1
3548708;2016;1
3548807;1992;0
3548807;1996;0
3548807;2000;0
3548807;2004;1
3548807;2008;0
3548807;2012;1
3548807;2016;0
3548906;1992;0
3548906;1996;0
3548906;2000;0
3548906;2004;1
3548906;2008;0
3548906;2012;1
3548906;2016;0
3549102;1992;0
3549102;1996;0
3549102;2000;0
3549102;2004;0
3549102;2008;0
3549102;2012;0
3549102;2016;0
3549706;1992;0
3549706;1996;0
3549706;2000;0
3549706;2004;0
3549706;2008;0
3549706;2012;0
3549706;2016;0
3549805;1992;0
3549805;1996;0
3549805;2000;0
3549805;2004;1
3549805;2008;1
3549805;2012;1
3549805;2016;0
3549904;1992;0
3549904;1996;1
3549904;2000;0
3549904;2004;0
3549904;2008;1
3549904;2012;0
3549904;2016;0
3550308;1992;1
3550308;1996;0
3550308;2000;0
3550308;2004;1
3550308;2008;0
3550308;2012;0
3550308;2016;0
3550605;1992;0
3550605;1996;0
3550605;2000;0
3550605;2004;0
3550605;2008;0
3550605;2012;0
3550605;2016;0
3550704;1992;0
3550704;1996;0
3550704;2000;0
3550704;2004;1
3550704;2008;0
3550704;2012;0
3550704;2016;0
3551009;1992;0
3551009;1996;1
3551009;2000;0
3551009;2004;0
3551009;2008;0
3551009;2012;0
3551009;2016;0
3551702;1992;0
3551702;1996;0
3551702;2000;0
3551702;2004;1
3551702;2008;0
3551702;2012;0
3551702;2016;0
3552205;1992;0
3552205;1996;0
3552205;2000;0
3552205;2004;0
3552205;2008;0
3552205;2012;0
3552205;2016;0
3552403;1992;0
3552403;1996;0
3552403;2000;0
3552403;2004;1
3552403;2008;1
3552403;2012;0
3552403;2016;0
3552502;1992;0
3552502;1996;0
3552502;2000;0
3552502;2004;0
3552502;2008;1
3552502;2012;0
3552502;2016;0
3552809;1992;0
3552809;1996;0
3552809;2000;0
3552809;2004;0
3552809;2008;1
3552809;2012;1
3552809;2016;0
3553708;1992;0
3553708;1996;0
3553708;2000;0
3553708;2004;0
3553708;2008;0
3553708;2012;0
3553708;2016;0
3554003;1992;0
3554003;1996;0
3554003;2000;0
3554003;2004;0
3554003;2008;0
3554003;2012;0
3554003;2016;0
3554102;1992;0
3554102;1996;0
3554102;2000;0
3554102;2004;0
3554102;2008;0
3554102;2012;0
3554102;2016;0
3555000;1992;0
3555000;1996;0
3555000;2000;0
3555000;2004;0
3555000;2008;0
3555000;2012;0
3555000;2016;0
3555406;1992;0
3555406;1996;0
3555406;2000;1
3555406;2004;0
3555406;2008;0
3555406;2012;0
3555406;2016;1
3556206;1992;0
3556206;1996;0
3556206;2000;0
3556206;2004;0
3556206;2008;0
3556206;2012;0
3556206;2016;0
3556503;1992;0
3556503;1996;0
3556503;2000;0
3556503;2004;0
3556503;2008;1
3556503;2012;1
3556503;2016;0
3556701;1992;0
3556701;1996;0
3556701;2000;1
3556701;2004;0
3556701;2008;0
3556701;2012;0
3556701;2016;0
3557006;1992;0
3557006;1996;0
3557006;2000;0
3557006;2004;1
3557006;2008;0
3557006;2012;0
3557006;2016;0
3557105;1992;0
3557105;1996;0
3557105;2000;0
3557105;2004;0
3557105;2008;0
3557105;2012;0
3557105;2016;0
4100400;1992;0
4100400;1996;0
4100400;2000;0
4100400;2004;0
4100400;2008;1
4100400;2012;0
4100400;2016;0
4101408;1992;0
4101408;1996;0
4101408;2000;0
4101408;2004;1
4101408;2008;0
4101408;2012;0
4101408;2016;0
4101507;1992;0
4101507;1996;0
4101507;2000;0
4101507;2004;0
4101507;2008;0
4101507;2012;0
4101507;2016;0
4101804;1992;0
4101804;1996;0
4101804;2000;0
4101804;2004;0
4101804;2008;0
4101804;2012;0
4101804;2016;0
4103701;1992;0
4103701;1996;0
4103701;2000;0
4103701;2004;0
4103701;2008;0
4103701;2012;0
4103701;2016;0
4104204;1992;0
4104204;1996;0
4104204;2000;0
4104204;2004;0
4104204;2008;0
4104204;2012;0
4104204;2016;0
4104303;1992;0
4104303;1996;1
4104303;2000;0
4104303;2004;0
4104303;2008;1
4104303;2012;0
4104303;2016;0
4104808;1992;0
4104808;1996;0
4104808;2000;0
4104808;2004;1
4104808;2008;0
4104808;2012;0
4104808;2016;0
4104907;1992;0
4104907;1996;0
4104907;2000;0
4104907;2004;0
4104907;2008;0
4104907;2012;0
4104907;2016;1
4105508;1992;0
4105508;1996;0
4105508;2000;0
4105508;2004;0
4105508;2008;0
4105508;2012;0
4105508;2016;0
4105805;1992;0
4105805;1996;0
4105805;2000;0
4105805;2004;0
4105805;2008;0
4105805;2012;0
4105805;2016;0
4106407;1992;0
4106407;1996;0
4106407;2000;0
4106407;2004;0
4106407;2008;0
4106407;2012;0
4106407;2016;0
4106902;1992;0
4106902;1996;0
4106902;2000;0
4106902;2004;1
4106902;2008;1
4106902;2012;0
4106902;2016;0
4107652;1992;0
4107652;1996;0
4107652;2000;0
4107652;2004;0
4107652;2008;0
4107652;2012;0
4107652;2016;0
4108304;1992;0
4108304;1996;0
4108304;2000;0
4108304;2004;1
4108304;2008;0
4108304;2012;0
4108304;2016;0
4108403;1992;0
4108403;1996;0
4108403;2000;1
4108403;2004;0
4108403;2008;0
4108403;2012;0
4108403;2016;0
4109401;1992;0
4109401;1996;0
4109401;2000;0
4109401;2004;0
4109401;2008;0
4109401;2012;0
4109401;2016;0
4110706;1992;0
4110706;1996;0
4110706;2000;0
4110706;2004;0
4110706;2008;0
4110706;2012;0
4110706;2016;0
4113700;1992;0
4113700;1996;1
4113700;2000;1
4113700;2004;1
4113700;2008;1
4113700;2012;0
4113700;2016;0
4115200;1992;0
4115200;1996;0
4115200;2000;1
4115200;2004;1
4115200;2008;1
4115200;2012;0
4115200;2016;0
4118204;1992;0
4118204;1996;0
4118204;2000;0
4118204;2004;0
4118204;2008;0
4118204;2012;0
4118204;2016;0
4118402;1992;0
4118402;1996;0
4118402;2000;1
4118402;2004;0
4118402;2008;1
4118402;2012;0
4118402;2016;0
4118501;1992;0
4118501;1996;0
4118501;2000;0
4118501;2004;0
4118501;2008;0
4118501;2012;0
4118501;2016;0
4119152;1992;0
4119152;1996;0
4119152;2000;0
4119152;2004;0
4119152;2008;0
4119152;2012;1
4119152;2016;1
4119509;1992;0
4119509;1996;0
4119509;2000;0
4119509;2004;0
4119509;2008;0
4119509;2012;0
4119509;2016;0
4119905;1992;0
4119905;1996;0
4119905;2000;0
4119905;2004;1
4119905;2008;0
4119905;2012;0
4119905;2016;0
4122404;1992;0
4122404;1996;0
4122404;2000;0
4122404;2004;0
4122404;2008;0
4122404;2012;0
4122404;2016;0
4125506;1992;0
4125506;1996;0
4125506;2000;0
4125506;2004;1
4125506;2008;0
4125506;2012;0
4125506;2016;0
4126256;1992;0
4126256;1996;0
4126256;2000;0
4126256;2004;0
4126256;2008;0
4126256;2012;0
4126256;2016;0
4127106;1992;0
4127106;1996;0
4127106;2000;0
4127106;2004;0
4127106;2008;0
4127106;2012;0
4127106;2016;0
4127700;1992;0
4127700;1996;0
4127700;2000;0
4127700;2004;0
4127700;2008;0
4127700;2012;0
4127700;2016;1
4128104;1992;0
4128104;1996;0
4128104;2000;0
4128104;2004;0
4128104;2008;1
4128104;2012;0
4128104;2016;0
4128203;1992;0
4128203;1996;0
4128203;2000;1
4128203;2004;0
4128203;2008;0
4128203;2012;0
4128203;2016;0
4201406;1992;0
4201406;1996;0
4201406;2000;0
4201406;2004;0
4201406;2008;0
4201406;2012;0
4201406;2016;0
4202008;1992;0
4202008;1996;0
4202008;2000;0
4202008;2004;0
4202008;2008;0
4202008;2012;0
4202008;2016;0
4202305;1992;0
4202305;1996;0
4202305;2000;0
4202305;2004;1
4202305;2008;1
4202305;2012;1
4202305;2016;1
4202404;1992;0
4202404;1996;0
4202404;2000;1
4202404;2004;1
4202404;2008;0
4202404;2012;0
4202404;2016;0
4202909;1992;0
4202909;1996;0
4202909;2000;0
4202909;2004;0
4202909;2008;0
4202909;2012;1
4202909;2016;0
4203006;1992;0
4203006;1996;0
4203006;2000;0
4203006;2004;0
4203006;2008;0
4203006;2012;0
4203006;2016;0
4203808;1992;0
4203808;1996;0
4203808;2000;0
4203808;2004;0
4203808;2008;0
4203808;2012;0
4203808;2016;0
4204202;1992;0
4204202;1996;0
4204202;2000;1
4204202;2004;1
4204202;2008;0
4204202;2012;0
4204202;2016;0
4204301;1992;0
4204301;1996;0
4204301;2000;0
4204301;2004;1
4204301;2008;1
4204301;2012;1
4204301;2016;1
4204608;1992;0
4204608;1996;0
4204608;2000;0
4204608;2004;1
4204608;2008;1
4204608;2012;0
4204608;2016;0
4205407;1992;0
4205407;1996;0
4205407;2000;1
4205407;2004;0
4205407;2008;0
4205407;2012;0
4205407;2016;0
4205902;1992;0
4205902;1996;0
4205902;2000;0
4205902;2004;1
4205902;2008;0
4205902;2012;1
4205902;2016;1
4207007;1992;0
4207007;1996;0
4207007;2000;0
4207007;2004;0
4207007;2008;0
4207007;2012;0
4207007;2016;0
4208203;1992;0
4208203;1996;0
4208203;2000;0
4208203;2004;0
4208203;2008;1
4208203;2012;0
4208203;2016;0
4208906;1992;0
4208906;1996;0
4208906;2000;0
4208906;2004;0
4208906;2008;0
4208906;2012;0
4208906;2016;0
4209102;1992;0
4209102;1996;0
4209102;2000;0
4209102;2004;0
4209102;2008;0
4209102;2012;1
4209102;2016;0
4209300;1992;0
4209300;1996;1
4209300;2000;0
4209300;2004;0
4209300;2008;0
4209300;2012;0
4209300;2016;0
4209409;1992;0
4209409;1996;0
4209409;2000;0
4209409;2004;0
4209409;2008;1
4209409;2012;0
4209409;2016;0
4210100;1992;0
4210100;1996;0
4210100;2000;0
4210100;2004;0
4210100;2008;0
4210100;2012;0
4210100;2016;0
4211900;1992;0
4211900;1996;0
4211900;2000;0
4211900;2004;0
4211900;2008;0
4211900;2012;0
4211900;2016;0
4214805;1992;0
4214805;1996;0
4214805;2000;0
4214805;2004;1
4214805;2008;0
4214805;2012;0
4214805;2016;0
4215802;1992;0
4215802;1996;0
4215802;2000;0
4215802;2004;0
4215802;2008;0
4215802;2012;0
4215802;2016;0
4216602;1992;0
4216602;1996;0
4216602;2000;0
4216602;2004;1
4216602;2008;1
4216602;2012;0
4216602;2016;0
4218707;1992;0
4218707;1996;0
4218707;2000;0
4218707;2004;0
4218707;2008;0
4218707;2012;0
4218707;2016;1
4300406;1992;0
4300406;1996;0
4300406;2000;0
4300406;2004;0
4300406;2008;0
4300406;2012;0
4300406;2016;1
4300604;1992;0
4300604;1996;0
4300604;2000;1
4300604;2004;1
4300604;2008;0
4300604;2012;0
4300604;2016;0
4301602;1992;0
4301602;1996;0
4301602;2000;0
4301602;2004;0
4301602;2008;0
4301602;2012;1
4301602;2016;0
4302105;1992;0
4302105;1996;0
4302105;2000;0
4302105;2004;0
4302105;2008;0
4302105;2012;1
4302105;2016;0
4303004;1992;0
4303004;1996;0
4303004;2000;0
4303004;2004;0
4303004;2008;0
4303004;2012;0
4303004;2016;0
4303103;1992;0
4303103;1996;0
4303103;2000;0
4303103;2004;1
4303103;2008;1
4303103;2012;1
4303103;2016;0
4303509;1992;0
4303509;1996;0
4303509;2000;0
4303509;2004;0
4303509;2008;0
4303509;2012;0
4303509;2016;0
4303905;1992;0
4303905;1996;0
4303905;2000;0
4303905;2004;0
4303905;2008;0
4303905;2012;0
4303905;2016;0
4304507;1992;0
4304507;1996;0
4304507;2000;0
4304507;2004;0
4304507;2008;0
4304507;2012;0
4304507;2016;1
4304606;1992;0
4304606;1996;0
4304606;2000;0
4304606;2004;0
4304606;2008;0
4304606;2012;1
4304606;2016;1
4304705;1992;0
4304705;1996;0
4304705;2000;0
4304705;2004;0
4304705;2008;0
4304705;2012;0
4304705;2016;0
4305108;1992;0
4305108;1996;0
4305108;2000;1
4305108;2004;1
4305108;2008;1
4305108;2012;0
4305108;2016;1
4306106;1992;0
4306106;1996;0
4306106;2000;0
4306106;2004;0
4306106;2008;1
4306106;2012;1
4306106;2016;1
4307005;1992;0
4307005;1996;0
4307005;2000;0
4307005;2004;1
4307005;2008;0
4307005;2012;1
4307005;2016;1
4307708;1992;0
4307708;1996;0
4307708;2000;1
4307708;2004;0
4307708;2008;0
4307708;2012;1
4307708;2016;1
4307906;1992;0
4307906;1996;0
4307906;2000;0
4307906;2004;0
4307906;2008;0
4307906;2012;0
4307906;2016;1
4309209;1992;0
4309209;1996;0
4309209;2000;1
4309209;2004;1
4309209;2008;1
4309209;2012;1
4309209;2016;0
4309308;1992;0
4309308;1996;0
4309308;2000;0
4309308;2004;0
4309308;2008;0
4309308;2012;0
4309308;2016;0
4310207;1992;0
4310207;1996;0
4310207;2000;0
4310207;2004;0
4310207;2008;0
4310207;2012;1
4310207;2016;0
4311403;1992;0
4311403;1996;0
4311403;2000;0
4311403;2004;0
4311403;2008;0
4311403;2012;0
4311403;2016;0
4312401;1992;0
4312401;1996;0
4312401;2000;0
4312401;2004;0
4312401;2008;0
4312401;2012;0
4312401;2016;0
4313409;1992;0
4313409;1996;0
4313409;2000;0
4313409;2004;0
4313409;2008;0
4313409;2012;1
4313409;2016;1
4314050;1992;0
4314050;1996;0
4314050;2000;0
4314050;2004;0
4314050;2008;0
4314050;2012;0
4314050;2016;0
4314100;1992;0
4314100;1996;0
4314100;2000;0
4314100;2004;1
4314100;2008;0
4314100;2012;0
4314100;2016;0
4314407;1992;0
4314407;1996;0
4314407;2000;0
4314407;2004;1
4314407;2008;0
4314407;2012;0
4314407;2016;0
4314902;1992;1
4314902;1996;1
4314902;2000;1
4314902;2004;1
4314902;2008;1
4314902;2012;1
4314902;2016;1
4315602;1992;0
4315602;1996;0
4315602;2000;0
4315602;2004;0
4315602;2008;0
4315602;2012;0
4315602;2016;1
4316808;1992;0
4316808;1996;0
4316808;2000;0
4316808;2004;0
4316808;2008;0
4316808;2012;0
4316808;2016;0
4316907;1992;0
4316907;1996;0
4316907;2000;0
4316907;2004;1
4316907;2008;0
4316907;2012;0
4316907;2016;0
4317103;1992;0
4317103;1996;0
4317103;2000;0
4317103;2004;0
4317103;2008;0
4317103;2012;0
4317103;2016;1
4317202;1992;0
4317202;1996;0
4317202;2000;0
4317202;2004;0
4317202;2008;0
4317202;2012;1
4317202;2016;0
4317400;1992;0
4317400;1996;0
4317400;2000;0
4317400;2004;0
4317400;2008;0
4317400;2012;0
4317400;2016;0
4317509;1992;0
4317509;1996;0
4317509;2000;0
4317509;2004;0
4317509;2008;0
4317509;2012;0
4317509;2016;0
4318002;1992;0
4318002;1996;0
4318002;2000;0
4318002;2004;0
4318002;2008;0
4318002;2012;0
4318002;2016;0
4318309;1992;0
4318309;1996;0
4318309;2000;0
4318309;2004;1
4318309;2008;1
4318309;2012;0
4318309;2016;0
4318705;1992;0
4318705;1996;0
4318705;2000;0
4318705;2004;0
4318705;2008;1
4318705;2012;1
4318705;2016;1
4319901;1992;0
4319901;1996;0
4319901;2000;0
4319901;2004;0
4319901;2008;1
4319901;2012;0
4319901;2016;0
4320008;1992;0
4320008;1996;0
4320008;2000;0
4320008;2004;1
4320008;2008;0
4320008;2012;1
4320008;2016;0
4321204;1992;0
4321204;1996;0
4321204;2000;0
4321204;2004;0
4321204;2008;0
4321204;2012;0
4321204;2016;0
4322400;1992;0
4322400;1996;0
4322400;2000;0
4322400;2004;0
4322400;2008;0
4322400;2012;0
4322400;2016;0
4322509;1992;0
4322509;1996;0
4322509;2000;0
4322509;2004;0
4322509;2008;0
4322509;2012;1
4322509;2016;1
4322608;1992;0
4322608;1996;0
4322608;2000;0
4322608;2004;0
4322608;2008;0
4322608;2012;1
4322608;2016;0
4323002;1992;0
4323002;1996;0
4323002;2000;1
4323002;2004;0
4323002;2008;1
4323002;2012;1
4323002;2016;0
5002704;1992;0
5002704;1996;0
5002704;2000;0
5002704;2004;1
5002704;2008;0
5002704;2012;1
5002704;2016;0
5003207;1992;0
5003207;1996;0
5003207;2000;0
5003207;2004;0
5003207;2008;0
5003207;2012;0
5003207;2016;0
5003702;1992;0
5003702;1996;0
5003702;2000;0
5003702;2004;1
5003702;2008;1
5003702;2012;0
5003702;2016;0
5006606;1992;0
5006606;1996;0
5006606;2000;0
5006606;2004;0
5006606;2008;0
5006606;2012;0
5006606;2016;0
5008305;1992;0
5008305;1996;0
5008305;2000;0
5008305;2004;0
5008305;2008;0
5008305;2012;0
5008305;2016;0
5100250;1992;0
5100250;1996;0
5100250;2000;0
5100250;2004;0
5100250;2008;0
5100250;2012;0
5100250;2016;0
5101803;1992;0
5101803;1996;0
5101803;2000;0
5101803;2004;0
5101803;2008;0
5101803;2012;0
5101803;2016;0
5102504;1992;0
5102504;1996;0
5102504;2000;0
5102504;2004;1
5102504;2008;1
5102504;2012;0
5102504;2016;0
5103403;1992;0
5103403;1996;0
5103403;2000;0
5103403;2004;1
5103403;2008;1
5103403;2012;1
5103403;2016;1
5107040;1992;0
5107040;1996;0
5107040;2000;0
5107040;2004;0
5107040;2008;0
5107040;2012;0
5107040;2016;0
5107602;1992;0
5107602;1996;0
5107602;2000;0
5107602;2004;0
5107602;2008;0
5107602;2012;0
5107602;2016;0
5107909;1992;0
5107909;1996;0
5107909;2000;0
5107909;2004;0
5107909;2008;0
5107909;2012;0
5107909;2016;0
5107958;1992;0
5107958;1996;0
5107958;2000;0
5107958;2004;0
5107958;2008;0
5107958;2012;0
5107958;2016;0
5108402;1992;0
5108402;1996;0
5108402;2000;0
5108402;2004;0
5108402;2008;1
5108402;2012;0
5108402;2016;0
5200258;1992;0
5200258;1996;0
5200258;2000;0
5200258;2004;1
5200258;2008;0
5200258;2012;0
5200258;2016;0
5201108;1992;0
5201108;1996;0
5201108;2000;0
5201108;2004;1
5201108;2008;1
5201108;2012;0
5201108;2016;0
5201405;1992;0
5201405;1996;0
5201405;2000;0
5201405;2004;0
5201405;2008;0
5201405;2012;0
5201405;2016;0
5204508;1992;0
5204508;1996;0
5204508;2000;0
5204508;2004;0
5204508;2008;0
5204508;2012;0
5204508;2016;0
5205109;1992;0
5205109;1996;0
5205109;2000;0
5205109;2004;0
5205109;2008;0
5205109;2012;0
5205109;2016;0
5208004;1992;0
5208004;1996;0
5208004;2000;0
5208004;2004;0
5208004;2008;0
5208004;2012;0
5208004;2016;0
5208608;1992;0
5208608;1996;0
5208608;2000;0
5208608;2004;0
5208608;2008;1
5208608;2012;1
5208608;2016;1
5208707;1992;0
5208707;1996;1
5208707;2000;0
5208707;2004;1
5208707;2008;1
5208707;2012;0
5208707;2016;0
5211503;1992;0
5211503;1996;0
5211503;2000;0
5211503;2004;0
5211503;2008;0
5211503;2012;0
5211503;2016;0
5211909;1992;0
5211909;1996;0
5211909;2000;0
5211909;2004;0
5211909;2008;0
5211909;2012;0
5211909;2016;0
5212501;1992;0
5212501;1996;0
5212501;2000;0
5212501;2004;0
5212501;2008;0
5212501;2012;0
5212501;2016;0
5215231;1992;0
5215231;1996;0
5215231;2000;0
5215231;2004;0
5215231;2008;0
5215231;2012;0
5215231;2016;0
5217609;1992;0
5217609;1996;0
5217609;2000;0
5217609;2004;0
5217609;2008;0
5217609;2012;0
5217609;2016;0
5218805;1992;0
5218805;1996;0
5218805;2000;0
5218805;2004;0
5218805;2008;0
5218805;2012;0
5218805;2016;0
5219753;1992;0
5219753;1996;0
5219753;2000;0
5219753;2004;0
5219753;2008;0
5219753;2012;0
5219753;2016;0
5220454;1992;0
5220454;1996;0
5220454;2000;0
5220454;2004;0
5220454;2008;0
5220454;2012;0
5220454;2016;0
5221403;1992;0
5221403;1996;0
5221403;2000;0
5221403;2004;0
5221403;2008;0
5221403;2012;0
5221403;2016;0
5221858;1992;NA
5221858;1996;0
5221858;2000;0
5221858;2004;0
5221858;2008;0
5221858;2012;0
5221858;2016;0
5300108;1992;0
5300108;1996;1
5300108;2000;0
5300108;2004;0
5300108;2008;0
5300108;2012;1
5300108;2016;0
NA;1992;11
NA;1996;33
NA;2000;66
NA;2004;133
NA;2008;124
NA;2012;101
NA;2016;58
